MakroID;Customer;ProfileType;Width;Height;D (Dalma Derinligi);Y (Kenardan Uzaklik);Z (Caprazlar icin diger kenardan uzaklik);C (çap);W (kanal genisligi);L  (KANAL VEYA ?K? DEL?K ARASI;YAKLAŞMA;MakroTyp;R(RADIUS);FEED ;Aciklama
11210601;IDEAL 2000 120303 ;FRAME;80;60;0;26.5;50.5;0;5;25;50;P01;0;2000;SU TAHLIYE KANAL // WATER SLOT// DESAGÜE INTERIOR APERTURA INTERIOR
11210617;IDEAL 2000 120303 ;FRAME;80;60;0;26.5;50.5;0;0;0;15;P06;0;1000;HAVALANDIRMA // VENTILATION HOLE// AIREACION INTERIOR APERTURA INTERIOR
11211001;IDEAL 2000 120303 ;FRAME;80;60;8;40.6;0;0;5;25;15;P01;0;2000; SU TAHLIYE KANAL // WATER SLOT// DESAGÜE EXTERIOR APERTURA INTERIOR
11211017;IDEAL 2000 120303 ;FRAME;80;60;8;40.6;0;0;0;0;15;P06;0;1000;HAVALANDIRMA // VENTILATION HOLE// AIREACION EXTERIOR APERTURA INTERIOR
11210701;IDEAL 2000 120303 ;FRAME;80;60;50;53.6;0;0;5;25;15;P01;0;2000; SU TAHLIYE KANAL // WATER SLOT // DESAGÜE INTERIOR APERTURA EXTERIOR
11210717;IDEAL 2000 120303 ;FRAME;80;60;50;53.6;0;0;0;0;15;P06;0;1000;HAVALANDIRMA // VENTILATION HOLE// AIREACION INTERIOR APERTURA EXTERIOR
11210718;IDEAL 2000 120303 ;FRAME;80;60;26;49.5;0;0;5;25;15;P01;0;2000; SU TAHLIYE KANAL // WATER SLOT // DESAGÜE INTERIOR ESCALON APERTURA EXTERIOR
11210501;IDEAL 2000 120303 ;FRAME;80;60;09;12.5;0;0;5;25;15;P01;0;2000;SU TAHLIYE KANAL // WATER SLOT // DESAGÜE EXTERIOR APERTURA EXTERIOR
11210517;IDEAL 2000 120303 ;FRAME;80;60;09;12.5;0;0;0;0;15;P06;0;1000;HAVALANDIRMA // VENTILATION HOLE// AIREACION EXTERIOR APERTURA EXTERIOR
11210205;IDEAL 2000 120303 ;FRAME;80;60;35;30.6;0;10;0;0;15;P05;0;2000;ORTAKAYIT TAKOZ VIDA DELIGI // MULLION CONNECTOR// UNION DE TRAVESAÑO
11210705;IDEAL 2000 120303 ;FRAME;80;60;40;30.6;0;07;0;0;15;P05;0;4000;ORTAKAYIT TAKOZ VIDA DELIGI // MULLION CONNECTOR// UNION DE TRAVESAÑO
11210285;IDEAL 2000 120303 ;FRAME;80;60;10;35;0;5;0;0;15;P06;0;5000;DESTEK SACI MARK // REINFORCEMENT MARKING // MARCA DE REFUERZO
11210215;IDEAL 2000 120303 ;FRAME;80;60;40;30;0;07;0;0;15;P05;0;4000;MONTAJ DELIGI  // ASSEMBLY HOLE// BARRENO PARA FIJACION AL MURO
11210715;IDEAL 2000 120303 ;FRAME;80;60;40;30;0;07;0;0;15;P05;0;4000;MONTAJ DELIGI  // ASSEMBLY HOLE// BARRENO PARA FIJACION AL MURO
11210714;IDEAL 2000 120303 ;FRAME;80;60;25.5;53.2;0;06;0;0;15;P06;0;5000;CERRADERO ESTANDAR
11210783;IDEAL 2000 120303 ;FRAME;80;60;24;38;0;06;0;0;15;P06;0;5000;CERRADERO DE SEGURIDAD SE
11210791;IDEAL 2000 120303 ;FRAME;80;60;25;32;0;06;0;0;15;P06;0;5000;compás de proyección EDT 29MM
11210794;IDEAL 2000 120303 ;FRAME;80;60;25.5;37.5;0;06;0;0;15;P06;0;5000;compás de proyección EDT 23MM
11210790;IDEAL 2000 120303 ;FRAME;80;60;25;35;0;06;0;0;15;P06;0;5000;compás de proyección STORM PRO
11210789;IDEAL 2000 120303 ;FRAME;80;60;25;36.5;0;06;0;0;15;P06;0;5000;compás de proyección STORM PRO
11210784;IDEAL 2000 120303 ;FRAME;80;60;40;45.45;0;06;15.5;46;15;P09;0;2000;CERRADERO PARA PALETON AUTOMATIC Y MR2
11210795;IDEAL 2000 120303 ;FRAME;80;60;40;45.45;0;06;15.5;70;15;P09;0;2000;CAJEADO PARA CERRADERO CENTRAL
11210504;IDEAL 2000 120303 ;FRAME;80;60;24;40;0;07;0;0;15;P05;0;10000; MENTESE DELIGI // HINGE HOLE //  Soporte de Compas y Soporte de Esquina
11210537;IDEAL 2000 120303 ;FRAME;80;60;04;39.5;0;0;0;0;15;P06;0;10000; MENTESE DELIGI // HINGE HOLE // Pernios de 75 mm // 100mm
11210574;IDEAL 2000 120303 ;FRAME;80;60;31;25.6;0;0;0;0;15;P06;0;10000; 3D MENTESE DELIGI // 3D HINGE HOLE //  BISAGRA 3D G-U DE 90 MM // 110 MM
11210586;IDEAL 2000 120303 ;FRAME;80;60;04;40;0;0;0;0;15;P06;0;10000; MENTESE DELIGI // HINGE HOLE //  Soporte de Compas y Soporte de Esquina
11210587;IDEAL 2000 120303 ;FRAME;80;60;04;33.8;0;0;0;0;15;P06;0;10000; MENTESE DELIGI // HINGE HOLE // Guía Osciloparalela P1225
11210588;IDEAL 2000 120303 ;FRAME;80;60;04;30;0;0;0;0;15;P06;0;10000; MENTESE DELIGI // HINGE HOLE // Guía Paralela P1931
10210601;IDEAL 2000 120305 ;FRAME;65;60;0;27.5;52.2;0;5;25;50;P01;0;2000; SU TAHLIYE KANAL // WATER SLOT// DESAGÜE INTERIOR
10210617;IDEAL 2000 120305 ;FRAME;65;60;0;27.5;52.2;0;0;0;15;P06;0;1000;HAVALANDIRMA // VENTILATION HOLE// AIREACION INTERIOR
10211001;IDEAL 2000 120305 ;FRAME;65;60;9;33;0;0;5;25;15;P01;0;2000; SU TAHLIYE KANAL // WATER SLOT// DESAGÜE EXTERIOR
10210701;IDEAL 2000 120305 ;FRAME;65;60;43.7;52.5;0;0;5;25;15;P01;0;2000; SU TAHLIYE KANAL // WATER SLOT // DESAGÜE EXTERIOR
10210717;IDEAL 2000 120305 ;FRAME;65;60;43.7;52.5;0;0;0;0;15;P06;0;1000; HAVALANDIRMA // VENTILATION HOLE// AIREACION INTERIOR APERTURA EXTERIOR
10210205;IDEAL 2000 120305 ;FRAME;65;60;35;30.6;0;06;0;0;15;P05;0;2000;ORTAKAYIT TAKOZ VIDA DELIGI // MULLION CONNECTOR// UNION DE TRAVESAÑO
10210705;IDEAL 2000 120305 ;FRAME;65;60;40;30.6;0;06;0;0;15;P05;0;2000;ORTAKAYIT TAKOZ VIDA DELIGI // MULLION CONNECTOR// UNION DE TRAVESAÑO
10210285;IDEAL 2000 120305 ;FRAME;65;60;10;33.5;0;5;0;0;15;P06;0;5000;DESTEK SACI MARK // REINFORCEMENT MARKING // MARCA DE REFUERZO
10210215;IDEAL 2000 120305 ;FRAME;65;60;50;30;0;10;0;0;15;P05;0;2000;MONTAJ DELIGI  // ASSEMBLY HOLE// BARRENO PARA FIJACION AL MURO
10210715;IDEAL 2000 120305 ;FRAME;65;60;40;30;0;06;0;0;15;P05;0;2000;MONTAJ DELIGI  // ASSEMBLY HOLE// BARRENO PARA FIJACION AL MURO
10210714;IDEAL 2000 120305 ;FRAME;65;60;27.6;52.5;0;06;0;0;15;P06;0;5000;CERRADERO ESTANDAR
10210783;IDEAL 2000 120305 ;FRAME;65;60;25.5;37.5;0;06;0;0;15;P06;0;5000;CERRADERO DE SEGURIDAD SE
10210791;IDEAL 2000 120305 ;FRAME;65;60;25.5;31;0;06;0;0;15;P06;0;5000;compás de proyección EDT 29MM
10210794;IDEAL 2000 120305 ;FRAME;65;60;25.5;37;0;06;0;0;15;P06;0;5000;compás de proyección EDT 23MM
10210790;IDEAL 2000 120305 ;FRAME;65;60;25.5;34.5;0;06;0;0;15;P06;0;5000;compás de proyección STORM PRO 25MM
10210789;IDEAL 2000 120305 ;FRAME;65;60;25.5;36;0;06;0;0;15;P06;0;5000;compás de proyección STORM PRO 23.5
10210784;IDEAL 2000 120305 ;FRAME;65;60;45;45.55;0;06;15.5;46;15;P09;0;2000;CERRADERO PARA PALETON AUTOMATIC Y MR2
10210795;IDEAL 2000 120305 ;FRAME;65;60;45;45.55;0;06;15.5;70;15;P09;0;2000;CAJEADO PARA CERRADERO CENTRAL
10210504;IDEAL 2000 120305 ;FRAME;65;60;24;25;0;7;0;0;15;P05;0;2000; MENTESE DELIGI // HINGE HOLE //  Soporte de Compas y Soporte de Esquina
10210501;IDEAL 2000 120305 ;FRAME;65;60;24;8;0;0;5;25;15;P01;0;2000;DESAGÜE EXTERIOR APERTURA EXTERIOR// WATER SLOT//
10210517;IDEAL 2000 120305 ;FRAME;65;60;24;8;0;7;0;0;15;P06;0;1000;AIREACION EXTERIOR APERTURA EXTERIOR // VENTILATION HOLE
10210537;IDEAL 2000 120305 ;FRAME;65;60;03;22.5;0;0;0;0;15;P06;0;10000; MENTESE DELIGI // HINGE HOLE // Pernios de 75 mm // 100mm
10210574;IDEAL 2000 120305 ;FRAME;65;60;24;21;0;0;0;0;15;P06;0;10000; 3D MENTESE DELIGI // 3D HINGE HOLE //  BISAGRA 3D G-U DE 90 MM // 110 MM
10210586;IDEAL 2000 120305 ;FRAME;65;60;04;25;0;0;0;0;15;P06;0;10000; MENTESE DELIGI // HINGE HOLE //  Soporte de Compas y Soporte de Esquina
10210587;IDEAL 2000 120305 ;FRAME;65;60;04;18.8;0;0;0;0;15;P06;0;10000; MENTESE DELIGI // HINGE HOLE // Guía Osciloparalela P1225
10210588;IDEAL 2000 120305 ;FRAME;65;60;04;15;0;0;0;0;15;P06;0;10000; MENTESE DELIGI // HINGE HOLE // Guía Paralela P1931
11620801;IDEAL 2000 120322;SASH;77;60;0;32.3;54.2;0;5;25;15;P01;0;2000;KANAT SU TAHLIYE KANAL // SASH WATER SLOT 
11620201;IDEAL 2000 120322;SASH;77;60;44;51.5;0;0;5;25;15;P01;0;2000;KANAT SU TAHLIYE KANAL // SASH WATER SLOT
11620817;IDEAL 2000 120322;SASH;77;60;0;32.3;54.2;0;5;25;15;P06;0;1000;HAVALANDIRMA DELIGI // VENTILATION HOLE
11620217;IDEAL 2000 120322;SASH;77;60;44;51.5;0;0;5;25;15;P06;0;1000;HAVALANDIRMA DELIGI // VENTILATION HOLE
11620205;IDEAL 2000 120322;SASH;77;60;60;27;0;10;0;0;15;P05;0;2000;ORTAKAYIT BAGLANTI DELIGI//MULLION CONNECTOR
11620785;IDEAL 2000 120322;SASH;77;60;25.5;25;0;0;0;0;15;P06;0;4000;DESTEK SACI VIDALAMA //REINFORCEMENT MARK // MARCA DE REFUERZO
11620204;IDEAL 2000 120322;SASH;77;60;35;05;0;0;0;0;15;P06;0;4000;MENTESE DELIGI // SASH HINGE HOLE // BISAGRA AL CANTO
11620908;IDEAL 2000 120322;SASH;77;60;45;35.5;0;0;0;0;15;P06;0;1000;KOL YERI DELME // HANDLE HOLE TRIPLE 15 AXIS
11620202;IDEAL 2000 120322;SASH;77;60;45;29.4;0;0;15.5;85;15;P01;0;2000;ISPANYOLET KANALI // SASH ESPAGNOLETTE CANAL // CAJEADO CREMONA E15 Y E19
11620102;IDEAL 2000 120322;SASH;77;60;45;29.4;0;0;15.5;85;15;P01;0;1000;ISPANYOLET KANALI // SASH ESPAGNOLETTE CANAL // CAJEADO CREMONA E15 Y E19
11620103;IDEAL 2000 120322;SASH;77;60;45;27;0;0;15.5;60;15;P01;0;1000;ISPANYOLET KANALI // SASH ESPAGNOLETTE CANAL // CAJEADO CREMONA E15 Y E19
11620237;IDEAL 2000 120322;SASH;77;60;01;7.5;0;0;0;0;15;P06;0;4000;MENTESE DELIGI // SASH HINGE HOLE // PERNIO DE 75MM Y 100MM
10460301;120341 IDEAL 2000;MULLION;80;60;0;31.6;55.1;0;5;25;15;P01;0;2000;ORTAKAYIT SU TAHLIYE // WATER SLOT
10460601;120341 IDEAL 2000;MULLION;80;60;0;31.6;55.1;0;5;25;15;P01;0;2000;ORTAKAYIT SU TAHLIYE // WATER SLOT
10460701;120341 IDEAL 2000;MULLION;80;60;32;06;0;0;5;25;15;P01;0;1000;ORTAKAYIT SU TAHLIYE // WATER SLOT
10460201;120341 IDEAL 2000;MULLION;80;60;32;06;0;0;5;25;15;P01;0;1000;ORTAKAYIT SU TAHLIYE // WATER SLOT
10461001;120341 IDEAL 2000;MULLION;80;60;11;36.5;0;0;5;25;15;P01;0;2000;ORTAKAYIT SU TAHLIYE // WATER SLOT
10461020;120341 IDEAL 2000;MULLION;80;60;11;43;0;0;5;25;15;P01;0;2000;ORTAKAYIT SU TAHLIYE // WATER SLOT
10460717;120341 IDEAL 2000;MULLION;80;60;32;06;0;0;5;25;15;P06;0;1000;HAVALANDIRMA// VENTILATION
10460217;120341 IDEAL 2000;MULLION;80;60;32;06;0;0;5;25;15;P06;0;1000;HAVALANDIRMA// VENTILATION
10460317;120341 IDEAL 2000;MULLION;80;60;0;31.6;55.1;0;5;25;15;P06;0;1000;ORTAKAYIT HAVALANDIRMA// VENTILATION
10460617;120341 IDEAL 2000;MULLION;80;60;0;31.6;55.1;0;5;25;15;P06;0;1000;ORTAKAYIT HAVALANDIRMA// VENTILATION
10460205;120341 IDEAL 2000;MULLION;80;60;47.5;30.6;0;10;0;0;15;P05;0;2000;ORTAKAYIT TAKOZU //MULLION CONNECTOR//UNION DE TRAVESAÑO
10460705;120341 IDEAL 2000;MULLION;80;60;38;30.6;0;6;0;0;15;P05;0;4000;ORTAKAYIT TAKOZU //MULLION CONNECTOR//UNION DE TRAVESAÑO
10460285;120341 IDEAL 2000;MULLION;80;60;25;35;0;0;5;25;15;P06;0;4000;DESTEK SACI VIDALAMA//REINFORCEMENT MARK//MARCA DE REFUERZO
10460504;120341 IDEAL 2000;MULLION;80;60;20;40;0;0;5;25;15;P06;0;4000;Soporte de Compas y Soporte de Esquina
10460586;120341 IDEAL 2000;MULLION;80;60;03;40;0;0;5;25;15;P06;0;4000;Soporte de Compas y Soporte de Esquina
10460214;120341 IDEAL 2000;MULLION;80;60;25;17.3;0;0;5;25;15;P06;0;4000;CERRADERO ESTANDAR
10460714;120341 IDEAL 2000;MULLION;80;60;25;17.3;0;0;5;25;15;P06;0;4000;CERRADERO ESTANDAR
10460283;120341 IDEAL 2000;MULLION;80;60;25;22;0;0;0;0;15;P06;0;4000;CERRADERO DE SEGURIDAD SE
10460783;120341 IDEAL 2000;MULLION;80;60;25;22;0;0;0;0;15;P06;0;4000;CERRADERO DE SEGURIDAD SE
10460574;120341 IDEAL 2000;MULLION;80;60;10;31;0;0;0;0;15;P06;0;4000;BISAGRA 3D G-U DE 90 MM // 110 MM
10460575;120341 IDEAL 2000;MULLION;80;60;10;49;0;0;0;0;15;P06;0;4000;BISAGRA 3D G-U DE 90 MM // 110 MM
10460284;120341 IDEAL 2000;MULLION;80;60;45;45.55;0;0;15.5;46;15;P01;0;2000;CERRADERO PARA PALETON AUTOMATIC Y MR2
10460784;120341 IDEAL 2000;MULLION;80;60;45;45.55;0;0;15.5;46;15;P01;0;2000;CERRADERO PARA PALETON AUTOMATIC Y MR2
10460295;120341 IDEAL 2000;MULLION;80;60;45;45.55;0;0;15.5;70;15;P01;0;2000;CAJEADO PARA CERRADERO CENTRAL
10460795;120341 IDEAL 2000;MULLION;80;60;45;45.55;0;0;15.5;70;15;P01;0;2000;CAJEADO PARA CERRADERO CENTRAL
10460537;120341 IDEAL 2000;MULLION;80;60;03;39.5;0;0;0;0;15;P06;0;4000;Pernios de 75 mm // 100mm
10460538;120341 IDEAL 2000;MULLION;80;60;03;40.5;0;0;0;0;15;P06;0;4000;Pernios de 75 mm // 100mm
10460291;120341 IDEAL 2000;MULLION;80;60;25;31;0;0;0;0;15;P06;0;4000;compás de proyección EDT 29MM
10460791;120341 IDEAL 2000;MULLION;80;60;25;31;0;0;0;0;15;P06;0;4000;compás de proyección EDT 29MM
10460294;120341 IDEAL 2000;MULLION;80;60;25;37;0;0;0;0;15;P06;0;4000;compás de proyección EDT 23MM
10460794;120341 IDEAL 2000;MULLION;80;60;25;37;0;0;0;0;15;P06;0;4000;compás de proyección EDT 23MM
10460290;120341 IDEAL 2000;MULLION;80;60;25;35;0;0;0;0;15;P06;0;4000;compás de proyección EDT 25MM
10460790;120341 IDEAL 2000;MULLION;80;60;25;35;0;0;0;0;15;P06;0;4000;compás de proyección EDT 25MM
10460289;120341 IDEAL 2000;MULLION;80;60;25;36.5;0;0;0;0;15;P06;0;4000;compás de proyección EDT 23.5MM
10460789;120341 IDEAL 2000;MULLION;80;60;25;36.5;0;0;0;0;15;P06;0;4000;compás de proyección EDT 23.5MM
10340201;120330 IDEAL 2000 ;INWARD DOOR;95;60;44;54;0;0;5;25;15;P01;0;2000;SU TAHLIYE KANALI // WATER SLOT
10340217;120330 IDEAL 2000 ;INWARD DOOR;95;60;44;54;0;0;0;0;15;P06;0;1000;HAVALANDIRMA // VENTILATION // AIREACION EXTERIOR
10340801;120330 IDEAL 2000 ;INWARD DOOR;95;60;0;32.4;54.5;0;5;25;15;P01;0;2000;SU TAHLIYE KANALI // WATER SLOT 
10340817;120330 IDEAL 2000 ;INWARD DOOR;95;60;0;32.4;54.5;0;0;0;15;P06;0;1000;HAVALANDIRMA // VENTILATION // AIREACION INTERIOR
10340205;120330 IDEAL 2000 ;INWARD DOOR;95;60;53;30.5;0;10;0;0;15;P05;0;4000;ORTAKAYIT TAKOZ DELIGI//MULLION CONNECTOR//UNION DE TRAVESAÑO
10340705;120330 IDEAL 2000 ;INWARD DOOR;95;60;45;30.5;0;06;0;0;15;P05;0;4000;ORTAKAYIT TAKOZ DELIGI//MULLION CONNECTOR//UNION DE TRAVESAÑO
10340785;120330 IDEAL 2000 ;INWARD DOOR;95;60;25;25;0;06;0;0;15;P06;0;4000;DESTEK SACI VIDALAMA//REINFORCEMENT MARK//MARCA DE REFUERZO
10340204;120330 IDEAL 2000 ;INWARD DOOR;95;60;35;06;0;0;5;25;15;P06;0;4000;BISAGRA AL CANTO
10340908;120330 IDEAL 2000 ;INWARD DOOR;95;60;45;55;0;0;0;0;15;P06;0;1000;KOL YERI DELME//HANDLE HOLE  TRIPLE DRILLING  35 AXIS
10340909;120330 IDEAL 2000 ;INWARD DOOR;95;60;45;50;0;0;0;0;15;P06;0;1000;KOL YERI DELME//HANDLE HOLE  TRIPLE DRILLING  30 AXIS
10340910;120330 IDEAL 2000 ;INWARD DOOR;95;60;45;45;0;0;0;0;15;P06;0;1000;KOL YERI DELME//HANDLE HOLE  TRIPLE DRILLING  25 AXIS
10340911;120330 IDEAL 2000 ;INWARD DOOR;95;60;45;35;0;0;0;0;15;P06;0;1000;KOL YERI DELME//HANDLE HOLE  TRIPLE DRILLING  15 AXIS
10340414;120330 IDEAL 2000 ;INWARD DOOR;95;60;70;50;0;20;13;34;15;P07;0;1000;BARREL CREMONA BALCONERA E-30
10340415;120330 IDEAL 2000 ;INWARD DOOR;95;60;70;50;0;20;13;34;15;P04;0;1000;INVERSE BARREL CREMONA BALCONERA E-30
10341020;120330 IDEAL 2000 ;INWARD DOOR;95;60;40;50;0;20;13;34;15;P07;0;1000;BARREL CREMONA BALCONERA E-30 HALF
10341021;120330 IDEAL 2000 ;INWARD DOOR;95;60;40;50;0;20;13;34;15;P04;0;1000;INVERSE BARREL CREMONA BALCONERA E-30 HALF
10341016;120330 IDEAL 2000 ;INWARD DOOR;95;60;30;50;0;12;0;0;15;P05;0;2000;CREMONA BALCONERA E-30
10340416;120330 IDEAL 2000 ;INWARD DOOR;95;60;70;50;0;12;0;0;15;P05;0;1000;CREMONA BALCONERA E-30
10340417;120330 IDEAL 2000 ;INWARD DOOR;95;60;70;50;0;20;0;0;15;P05;0;1000;CREMONA BALCONERA E-30
10340202;120330 IDEAL 2000 ;INWARD DOOR;95;60;45;28;0;0;13;85;15;P01;0;3000;ISPANYOLET KANALI//ESPAGNELOTTE CANAL // CAJEADO CREMONA BALCONERA
10340129;120330 IDEAL 2000 ;INWARD DOOR;95;60;45;28;0;0;15.5;230;15;P01;0;1000;ISPANYOLET KANALI//ESPAGNELOTTE CANAL // CAJEADO CREMONA BALCONERA
10340128;120330 IDEAL 2000 ;INWARD DOOR;95;60;45;28;0;0;15.5;130;15;P01;0;1000;ISPANYOLET KANALI//ESPAGNELOTTE CANAL // CAJEADO CREMONA BALCONERA
10340102;120330 IDEAL 2000 ;INWARD DOOR;95;60;45;28;0;0;15.5;90;15;P01;0;1000;ISPANYOLET KANALI//ESPAGNELOTTE CANAL // CAJEADO CREMONA BALCONERA
10340103;120330 IDEAL 2000 ;INWARD DOOR;95;60;45;28;0;0;15.5;60;15;P01;0;1000;Cajeado para Paletones de cerradura Automatic y MR2
10341057;120330 IDEAL 2000 ;INWARD DOOR;95;60;8;10.5;0;0;0;0;15;P06;0;4000;BISAGRA 3D G-U 90MM- CORRECTO
10341058;120330 IDEAL 2000 ;INWARD DOOR;95;60;11.5;21.5;0;0;0;0;15;P06;0;4000;BISAGRA 3D G-U 90MM
10341059;120330 IDEAL 2000 ;INWARD DOOR;95;60;16.5;33.5;0;0;0;0;15;P06;0;4000;BISAGRA 3D G-U 90MM
10341080;120330 IDEAL 2000 ;INWARD DOOR;95;60;6.5;30;0;0;0;0;15;P06;0;4000;BISAGRA 3D G-U 110MM -UTILIZADO
10341081;120330 IDEAL 2000 ;INWARD DOOR;95;60;11.5;37.5;0;0;0;0;15;P06;0;4000;BISAGRA 3D G-U 110MM
10341082;120330 IDEAL 2000 ;INWARD DOOR;95;60;16.5;49.5;0;0;0;0;15;P06;0;4000;BISAGRA 3D G-U 110MM
10340229;120330 IDEAL 2000 ;INWARD DOOR;95;60;50;29.4;0;0;15.5;160;15;P01;0;2000;CAJEADO CON PZ DE OSCILOPARALELA
10340137;120330 IDEAL 2000 ;INWARD DOOR;95;60;02;06;0;0;0;0;15;P06;0;2000;PERNIO DE 75MM Y 100MM
10341039;120330 IDEAL 2000 ;INWARD DOOR;95;60;02;44;0;0;0;0;15;P06;0;3000;MANILLA INTERIOR OSCILOPARALELA
10341040;120330 IDEAL 2000 ;INWARD DOOR;95;60;02;45;0;0;0;0;15;P06;0;3000;MANILLA INTERIOR OSCILOPARALELA
10341041;120330 IDEAL 2000 ;INWARD DOOR;95;60;10;43;0;0;0;0;15;P06;0;3000;MANILLA INTERIOR OSCILOPARALELA
10341042;120330 IDEAL 2000 ;INWARD DOOR;95;60;23.5;14;0;0;0;0;15;P06;0;3000;MANILLA INTERIOR OSCILOPARALELA
10341043;120330 IDEAL 2000 ;INWARD DOOR;95;60;23.5;14;0;0;5;81;15;P01;0;2000;MANILLA INTERIOR OSCILOPARALELA
10341044;120330 IDEAL 2000 ;INWARD DOOR;95;60;11;43;0;7;0;0;15;P05;0;4000;MANILLA INTERIOR OSCILOPARALELA
10340454;120330 IDEAL 2000 ;INWARD DOOR;95;60;70;45;0;20;13;34;15;P07;0;1000;BARREL CREMONA BALCONERA E-25
10340452;120330 IDEAL 2000 ;INWARD DOOR;95;60;70;45;0;20;13;34;15;P04;0;1000;INVERSE BARREL CREMONA BALCONERA E-25
10340422;120330 IDEAL 2000 ;INWARD DOOR;95;60;40;45;0;20;13;34;15;P07;0;1000;BARREL CREMONA BALCONERA E-25
10340423;120330 IDEAL 2000 ;INWARD DOOR;95;60;40;45;0;20;13;34;15;P04;0;1000;INVERSE BARREL CREMONA BALCONERA E-25
10340455;120330 IDEAL 2000 ;INWARD DOOR;95;60;70;45;0;10;0;0;15;P06;0;1000;CREMONA BALCONERA E-25
10341055;120330 IDEAL 2000 ;INWARD DOOR;95;60;30;45;0;10;0;0;15;P05;0;2000;CREMONA BALCONERA E-25
10341053;120330 IDEAL 2000 ;INWARD DOOR;95;60;30;45;0;12;0;0;15;P05;0;2000;CREMONA BALCONERA E-25
10340453;120330 IDEAL 2000 ;INWARD DOOR;95;60;70;45;0;12;0;0;15;P05;0;1000;CREMONA BALCONERA E-25
10341051;120330 IDEAL 2000 ;INWARD DOOR;95;60;30;45;0;20;0;0;15;P05;0;2000;CREMONA BALCONERA E-25
10340451;120330 IDEAL 2000 ;INWARD DOOR;95;60;70;45;0;20;0;0;15;P05;0;1000;CREMONA BALCONERA E-25
10340464;120330 IDEAL 2000 ;INWARD DOOR;95;60;70;55;0;20;13;34;15;P07;0;1000;BARREL CREMONA BALCONERA E-35
10340462;120330 IDEAL 2000 ;INWARD DOOR;95;60;70;55;0;20;13;34;15;P04;0;1000;INVERSE BARREL CREMONA BALCONERA E-35
10341071;120330 IDEAL 2000 ;INWARD DOOR;95;60;30;55;0;09;0;0;15;P05;0;3000;CREMONA CON PZ OSCILOPARALELA
10340571;120330 IDEAL 2000 ;INWARD DOOR;95;60;30;55;0;09;0;0;15;P05;0;3000;CREMONA CON PZ OSCILOPARALELA
10341030;120330 IDEAL 2000 ;INWARD DOOR;95;60;30;55;0;10;0;0;15;P05;0;3000;CREMONA BALCONERA E-35
10340430;120330 IDEAL 2000 ;INWARD DOOR;95;60;70;55;0;10;0;0;15;P06;0;1000;Cremona E-35 Balconera con PZ
10341048;120330 IDEAL 2000 ;INWARD DOOR;95;60;30;55;0;12;0;0;15;P05;0;2000;CREMONA BALCONERA E-35
10340448;120330 IDEAL 2000 ;INWARD DOOR;95;60;70;55;0;12;0;0;15;P05;0;1000;Cremona E-35 Balconera con PZ
10341028;120330 IDEAL 2000 ;INWARD DOOR;95;60;30;55;0;15;0;0;15;P05;0;2000;CREMONA CON PZ OSCILOPARALELA
10340428;120330 IDEAL 2000 ;INWARD DOOR;95;60;70;55;0;15;0;0;15;P05;0;1000;CREMONA CON PZ OSCILOPARALELA
10341049;120330 IDEAL 2000 ;INWARD DOOR;95;60;30;55;0;20;0;0;15;P05;0;2000;Cremona E-35 Balconera con PZ
10340449;120330 IDEAL 2000 ;INWARD DOOR;95;60;70;55;0;20;0;0;15;P05;0;1000;Cremona E-35 Balconera con PZ
10340474;120330 IDEAL 2000 ;INWARD DOOR;95;60;70;48;0;20;13;34;15;P07;0;1000;BARREL CREMONA BALCONERA E-28
10340472;120330 IDEAL 2000 ;INWARD DOOR;95;60;70;48;0;20;13;34;15;P04;0;1000;INVERSE BARREL CREMONA BALCONERA E-28
10341093;120330 IDEAL 2000 ;INWARD DOOR;95;60;30;48;0;10;0;0;15;P05;0;2000;PUERTA BALCONERA E-28
10340493;120330 IDEAL 2000 ;INWARD DOOR;95;60;70;48;0;10;0;0;15;P06;0;1000;PUERTA BALCONERA E-28
10341092;120330 IDEAL 2000 ;INWARD DOOR;95;60;30;48;0;12;0;0;15;P05;0;2000;PUERTA BALCONERA E-28
10340492;120330 IDEAL 2000 ;INWARD DOOR;95;60;70;48;0;12;0;0;15;P05;0;1000;PUERTA BALCONERA E-28
10341070;120330 IDEAL 2000 ;INWARD DOOR;95;60;30;48;0;15;0;0;15;P05;0;2000;PUERTA BALCONERA E-28
10340470;120330 IDEAL 2000 ;INWARD DOOR;95;60;70;48;0;15;0;0;15;P05;0;1000;PUERTA BALCONERA E-28
10341068;120330 IDEAL 2000 ;INWARD DOOR;95;60;30;48;0;20;0;0;15;P05;0;2000;PUERTA BALCONERA E-28
10340468;120330 IDEAL 2000 ;INWARD DOOR;95;60;70;48;0;20;0;0;15;P05;0;1000;PUERTA BALCONERA E-28
10850601;IDEAL 2000 110393 ;OUTWARD SASH;74;60;0;30;54.7;0;5;25;15;P01;0;2000;" SU TAHLIYE KANAL // WATER SLOT
10850201;IDEAL 2000 110393 ;OUTWARD SASH;74;60;30;3;0;0;5;25;15;P01;0;1000;" SU TAHLIYE KANAL // WATER SLOT
10850617;IDEAL 2000 110393 ;OUTWARD SASH;74;60;0;28.1;54.7;0;5;20;15;P01;0;1000;HAVALANDIRMA // VENTILATION
10850205;IDEAL 2000 110393 ;OUTWARD SASH;74;60;36;19;0;6;0;0;15;P05;0;2000;UNION DE TRAVESAÑO // MULLION CONNECTOR
10850705;IDEAL 2000 110393 ;OUTWARD SASH;74;60;42;19;0;6;0;0;15;P05;0;2000;UNION DE TRAVESAÑO // MULLION CONNECTOR
10850785;IDEAL 2000 110393 ;OUTWARD SASH;74;60;34;25;0;6;0;0;15;P06;0;2000;MARCA DE REFUERZO // REINFORCEMENT MARK
10850204;IDEAL 2000 110393 ;OUTWARD SASH;74;60;34;6;0;6;0;0;15;P06;0;2000;BISAGRA AL CANTO
10850561;IDEAL 2000 110393 ;OUTWARD SASH;74;60;40;39;0;11;0;0;15;P05;0;2000;CREMONA E-19 EXTERIOR // HANDLE HOLE  TRIPLE DRILLING//correcto
10850562;IDEAL 2000 110393 ;OUTWARD SASH;74;60;40;39;0;13;0;0;15;P05;0;2000;CREMONA E-19 EXTERIOR // HANDLE HOLE  TRIPLE DRILLING//correcto
10850571;IDEAL 2000 110393 ;OUTWARD SASH;74;60;40;39;0;11;0;0;15;P05;0;2000;CREMONA E-19 EXTERIOR // HANDLE HOLE  TRIPLE DRILLING//no es el de preference
10850572;IDEAL 2000 110393 ;OUTWARD SASH;74;60;40;39;0;13;0;0;15;P05;0;2000;CREMONA E-19 EXTERIOR // HANDLE HOLE  TRIPLE DRILLING//no es el preference
10850502;IDEAL 2000 110393 ;OUTWARD SASH;74;60;40;39.5;0;0;12;60;15;P01;0;2000;CAJEADO CREMONA E15 Y E19//no es correcto
10850237;IDEAL 2000 110393 ;OUTWARD SASH;74;60;2;6;0;0;0;0;15;P06;0;2000;PERNIO DE 75MM Y 100MM
10850294;IDEAL 2000 110393 ;OUTWARD SASH;74;60;32;20.4;0;0;0;0;15;P06;0;2000;compás de proyección EDT 23mm
10850202;IDEAL 2000 110393 ;OUTWARD SASH;74;60;45;38;0;0;15.5;85;15;P01;0;2000;ISPANYOLET KANALI // SASH ESPAGNOLETTE CANAL // CAJEADO CREMONA E15 Y E19
10850102;IDEAL 2000 110393 ;OUTWARD SASH;74;60;45;37.5;0;0;15.5;65;15;P01;0;1000;ISPANYOLET KANALI // SASH ESPAGNOLETTE CANAL // CAJEADO CREMONA E19//correcto
10850103;IDEAL 2000 110393 ;OUTWARD SASH;74;60;45;37.5;0;0;15.5;60;15;P01;0;1000;ISPANYOLET KANALI // SASH ESPAGNOLETTE CANAL // CAJEADO CREMONA E15 Y E19
11850601;120331 IDEAL 2000 ;OUTWARD DOOR;95;60;0;28.7;55;0;5;25;15;P01;0;2000;SU TAHLIYE KANALI // WATER SLOT
11850617;120331 IDEAL 2000 ;OUTWARD DOOR;95;60;0;28.7;55;0;5;20;15;P06;0;1000;HAVALANDIRMA // VENTILATION hole
11850201;120331 IDEAL 2000 ;OUTWARD DOOR;95;60;33;6;0;0;5;25;15;P01;0;2000;SU TAHLIYE KANALI // WATER SLOT
11850217;120331 IDEAL 2000 ;OUTWARD DOOR;95;60;33;6;0;0;5;25;15;P06;0;2000;HAVALANDIRMA // VENTILATION hole
11850205;120331 IDEAL 2000 ;OUTWARD DOOR;95;60;53;30.5;0;10;0;0;15;P05;0;2000;UNION DE TRAVESAÑO // MULLION CONNECTOR
11850705;120331 IDEAL 2000 ;OUTWARD DOOR;95;60;40;30.5;0;6;0;0;15;P05;0;2000;UNION DE TRAVESAÑO // MULLION CONNECTOR
11850785;120331 IDEAL 2000 ;OUTWARD DOOR;95;60;25;36.5;0;6;0;0;15;P06;0;2000;MARCA DE REFUERZO // REINFORCEMENT MARK
11850204;120331 IDEAL 2000 ;OUTWARD DOOR;95;60;34;6;0;6;0;0;15;P06;0;2000;BISAGRA AL CANTO
11850202;120331 IDEAL 2000 ;OUTWARD DOOR;95;60;50;29.4;0;0;13;85;15;P01;0;2000;CAJEADO CREMONA BALCONERA
11850129;120331 IDEAL 2000 ;OUTWARD DOOR;95;60;45;28;0;0;15.5;230;15;P01;0;1000;ISPANYOLET KANALI//ESPAGNELOTTE CANAL // CAJEADO CREMONA BALCONERA
11850128;120331 IDEAL 2000 ;OUTWARD DOOR;95;60;45;28;0;0;15.5;130;15;P01;0;1000;ISPANYOLET KANALI//ESPAGNELOTTE CANAL // CAJEADO CREMONA BALCONERA
11850102;120331 IDEAL 2000 ;OUTWARD DOOR;95;60;45;28;0;0;15.5;90;15;P01;0;1000;ISPANYOLET KANALI//ESPAGNELOTTE CANAL // CAJEADO CREMONA BALCONERA
11850103;120331 IDEAL 2000 ;OUTWARD DOOR;95;60;45;28;0;0;15.5;60;15;P01;0;1000;Cajeado para Paletones de cerradura Automatic y MR2
11850908;120331 IDEAL 2000 ;OUTWARD DOOR;95;60;45;55;0;0;0;0;15;P06;0;1000;KOL YERI DELME//HANDLE HOLE  TRIPLE DRILLING  35 AXIS
11850909;120331 IDEAL 2000 ;OUTWARD DOOR;95;60;45;50;0;0;0;0;15;P06;0;1000;KOL YERI DELME//HANDLE HOLE  TRIPLE DRILLING  30 AXIS
11850910;120331 IDEAL 2000 ;OUTWARD DOOR;95;60;45;45;0;0;0;0;15;P06;0;1000;KOL YERI DELME//HANDLE HOLE  TRIPLE DRILLING  25 AXIS
11850911;120331 IDEAL 2000 ;OUTWARD DOOR;95;60;45;35;0;0;0;0;15;P06;0;1000;KOL YERI DELME//HANDLE HOLE  TRIPLE DRILLING  15 AXIS
11850414;120331 IDEAL 2000 ;OUTWARD DOOR;95;60;70;50;0;20;13;34;15;P07;0;1000;BARREL CREMONA BALCONERA E-30 FULL
11850415;120331 IDEAL 2000 ;OUTWARD DOOR;95;60;70;50;0;20;13;34;15;P04;0;1000;INVERSE BARREL CREMONA BALCONERA E-30 FULL
11850424;120331 IDEAL 2000 ;OUTWARD DOOR;95;60;40;50;0;20;13;34;15;P07;0;1000;BARREL CREMONA BALCONERA E-30 HALF
11850425;120331 IDEAL 2000 ;OUTWARD DOOR;95;60;40;50;0;20;13;34;15;P04;0;1000;INVERSE BARREL CREMONA BALCONERA E-30 HALF
11851016;120331 IDEAL 2000 ;OUTWARD DOOR;95;60;30;50;0;12;0;0;15;P05;0;2000;CREMONA BALCONERA E-30
11850416;120331 IDEAL 2000 ;OUTWARD DOOR;95;60;70;50;0;12;0;0;15;P05;0;1000;CREMONA BALCONERA E-30
11850417;120331 IDEAL 2000 ;OUTWARD DOOR;95;60;70;50;0;20;0;0;15;P05;0;1000;CREMONA BALCONERA E-30
11850418;120331 IDEAL 2000 ;OUTWARD DOOR;95;60;70;50;0;20;0;0;15;P05;0;1000;CREMONA BALCONERA E-30
11851057;120331 IDEAL 2000 ;OUTWARD DOOR;95;60;6.5;12;0;0;0;0;15;P06;0;2000;BISAGRA 3D G-U 90MM -UTILIZADO
11851058;120331 IDEAL 2000 ;OUTWARD DOOR;95;60;11.5;21.5;0;0;0;0;15;P06;0;2000;BISAGRA 3D G-U 90MM
11851059;120331 IDEAL 2000 ;OUTWARD DOOR;95;60;16.5;33.5;0;0;0;0;15;P06;0;2000;BISAGRA 3D G-U 90MM
11851080;120331 IDEAL 2000 ;OUTWARD DOOR;95;60;5;24;0;0;0;0;15;P06;0;2000;BISAGRA 3D G-U 110MM
11851081;120331 IDEAL 2000 ;OUTWARD DOOR;95;60;11.5;37.5;0;0;0;0;15;P06;0;2000;BISAGRA 3D G-U 110MM
11851082;120331 IDEAL 2000 ;OUTWARD DOOR;95;60;.6.5;49.5;0;0;0;0;15;P06;0;2000;BISAGRA 3D G-U 110MM
11850237;120331 IDEAL 2000 ;OUTWARD DOOR;95;60;2;6;0;0;0;0;15;P06;0;2000;PERNIO DE 75MM Y 100MM
11850290;120331 IDEAL 2000 ;OUTWARD DOOR;95;60;22;41.5;0;0;0;0;15;P06;0;2000;compás de proyección STORM PRO
11850291;120331 IDEAL 2000 ;OUTWARD DOOR;95;60;22;45.5;0;0;0;0;15;P06;0;2000;COMPAS DE PROYECCION EDT
11850455;120331 IDEAL 2000 ;OUTWARD DOOR;95;60;70;45;0;11;0;0;15;P05;0;1000;CREMONA BALCONERA E-25 FULL
11850485;120331 IDEAL 2000 ;OUTWARD DOOR;95;60;40;45;0;11;0;0;15;P05;0;1000;CREMONA BALCONERA E-25 HALF
11851055;120331 IDEAL 2000 ;OUTWARD DOOR;95;60;30;45;0;11;0;0;15;P05;0;2000;Cremona E-25 Balconera
11850453;120331 IDEAL 2000 ;OUTWARD DOOR;95;60;70;45;0;12;0;0;15;P05;0;1000;CREMONA BALCONERA E-25 FULL
11850483;120331 IDEAL 2000 ;OUTWARD DOOR;95;60;40;45;0;12;0;0;15;P05;0;1000;CREMONA BALCONERA E-25 HALF
11851053;120331 IDEAL 2000 ;OUTWARD DOOR;95;60;30;45;0;12;0;0;15;P05;0;2000;Cremona E-25 Balconera
11850451;120331 IDEAL 2000 ;OUTWARD DOOR;95;60;70;45;0;20;0;0;15;P05;0;1000;CREMONA BALCONERA E-25 FULL
11850481;120331 IDEAL 2000 ;OUTWARD DOOR;95;60;40;45;0;20;0;0;15;P05;0;1000;CREMONA BALCONERA E-25 HALF
11851051;120331 IDEAL 2000 ;OUTWARD DOOR;95;60;30;45;0;20;0;0;15;P05;0;2000;Cremona E-25 Balconera
11850430;120331 IDEAL 2000 ;OUTWARD DOOR;95;60;70;50;0;10;0;0;15;P05;0;1000;Cremona E-30 Balconera con PZ FULL
11850450;120331 IDEAL 2000 ;OUTWARD DOOR;95;60;40;50;0;10;0;0;15;P05;0;1000;Cremona E-30 Balconera con PZ HALF
11851030;120331 IDEAL 2000 ;OUTWARD DOOR;95;60;30;50;0;10;0;0;15;P05;0;2000;CREMONA BALCONERA E-30
11850448;120331 IDEAL 2000 ;OUTWARD DOOR;95;60;70;50;0;12;0;0;15;P05;0;1000;Cremona E-30 Balconera con PZ FULL
11850458;120331 IDEAL 2000 ;OUTWARD DOOR;95;60;40;50;0;12;0;0;15;P05;0;1000;Cremona E-30 Balconera con PZ HALF
11851048;120331 IDEAL 2000 ;OUTWARD DOOR;95;60;30;50;0;12;0;0;15;P05;0;2000;CREMONA BALCONERA E-30
11850449;120331 IDEAL 2000 ;OUTWARD DOOR;95;60;70;50;0;20;0;0;15;P05;0;1000;Cremona E-30 Balconera con PZ FULL
11850459;120331 IDEAL 2000 ;OUTWARD DOOR;95;60;40;50;0;20;0;0;15;P05;0;1000;Cremona E-30 Balconera con PZ HALF
11851049;120331 IDEAL 2000 ;OUTWARD DOOR;95;60;30;50;0;20;0;0;15;P05;0;2000;CREMONA BALCONERA E-30
11850493;120331 IDEAL 2000 ;OUTWARD DOOR;95;60;70;48;0;10;0;0;15;P05;0;1000;PUERTA BALCONERA E-28
11851093;120331 IDEAL 2000 ;OUTWARD DOOR;95;60;30;48;0;10;0;0;15;P05;0;2000;PUERTA BALCONERA E-28
11850492;120331 IDEAL 2000 ;OUTWARD DOOR;95;60;70;48;0;12;0;0;15;P05;0;1000;PUERTA BALCONERA E-28
11851092;120331 IDEAL 2000 ;OUTWARD DOOR;95;60;30;48;0;12;0;0;15;P05;0;2000;PUERTA BALCONERA E-28
11850470;120331 IDEAL 2000 ;OUTWARD DOOR;95;60;70;48;0;15;0;0;15;P05;0;1000;CREMONA E-28
11851070;120331 IDEAL 2000 ;OUTWARD DOOR;95;60;30;48;0;15;0;0;15;P05;0;2000;CREMONA E-28
11850468;120331 IDEAL 2000 ;OUTWARD DOOR;95;60;70;48;0;20;0;0;15;P05;0;2000;CREMONA BALCONERA E-28
11851068;120331 IDEAL 2000 ;OUTWARD DOOR;95;60;30;48;0;20;0;0;15;P05;0;2000;CREMONA BALCONERA E-28
11850454;120331 IDEAL 2000 ;OUTWARD DOOR;95;60;70;45;0;20;13;34;15;P07;0;1000;BARREL CREMONA BALCONERA E-25 FULL
11850452;120331 IDEAL 2000 ;OUTWARD DOOR;95;60;70;45;0;20;13;34;15;P04;0;1000;INVERSE BARREL CREMONA BALCONERA E-25 FULL
11850484;120331 IDEAL 2000 ;OUTWARD DOOR;95;60;40;45;0;20;13;34;15;P07;0;1000;BARREL CREMONA BALCONERA E-25 HALF
11850482;120331 IDEAL 2000 ;OUTWARD DOOR;95;60;40;45;0;20;13;34;15;P04;0;1000;INVERSE BARREL CREMONA BALCONERA E-25 HALF
11850474;120331 IDEAL 2000 ;OUTWARD DOOR;95;60;70;48;0;20;13;34;15;P07;0;1000;BARREL CREMONA BALCONERA E-28
11850472;120331 IDEAL 2000 ;OUTWARD DOOR;95;60;70;48;0;20;13;34;15;P04;0;1000;INVERSE BARREL CREMONA BALCONERA E-28
11850464;120331 IDEAL 2000 ;OUTWARD DOOR;95;60;70;55;0;20;13;34;15;P07;0;1000;BARREL CREMONA BALCONERA E-35
11850462;120331 IDEAL 2000 ;OUTWARD DOOR;95;60;70;55;0;20;13;34;15;P04;0;1000;INVERSE BARREL CREMONA BALCONERA E-35
15280215;CORREDERA 60 100069 ;SLIDING DOUBLE RAIL;50;60;32;32;0;07;0;0;15;P05;0;4000;MONTAJ DELIGI  // ASSEMBLY HOLE// BARRENO PARA FIJACION AL MURO
15281001;CORREDERA 60 100069 ;SLIDING DOUBLE RAIL;50;60;13;12.5;0;0;5;25;15;P01;0;2000;DESAGÜE EXTERIOR // WATER SLOT
15281017;CORREDERA 60 100069 ;SLIDING DOUBLE RAIL;50;60;13;12.5;0;0;5;25;15;P06;0;1000;AIREACION EXTERIOR // VENTILATION HOLE
15280601;CORREDERA 60 100069 ;SLIDING DOUBLE RAIL;50;60;0;37;55.2;0;5;25;15;P01;0;2000;DESAGÜE INTERIOR // WATER SLOT
15280617;CORREDERA 60 100069 ;SLIDING DOUBLE RAIL;50;60;0;37;55.2;0;5;20;15;P01;0;1000;AIREACION INTERIOR // VENTILATION HOLE
15280285;CORREDERA 60 100069 ;SLIDING DOUBLE RAIL;50;60;9;31.4;0;0;0;0;15;P06;0;4000;MARCA DE REFUERZO // REINFORCEMENT MARK
16281001;CORREDERA 60 100071 ;SLIDING 3 RAIL;50;106;58;12;0;0;5;25;15;P01;0;2000;DESAGÜE EXTERIOR // WATER SLOT
16280601;CORREDERA 60 100071 ;SLIDING 3 RAIL;50;106;0;35.5;99;0;5;25;15;P01;0;2000;DESAGÜE INTERIOR // WATER SLOT
16280602;CORREDERA 60 100071 ;SLIDING 3 RAIL;50;106;0;35.5;53;0;5;25;15;P01;0;2000;DESAGÜE INTERIOR SUPERIOR // WATER SLOT
16280617;CORREDERA 60 100071 ;SLIDING 3 RAIL;50;106;0;35.5;99;0;5;25;15;P06;0;1000;AIREACION INTERIOR // VENTILATION HOLE
16280285;CORREDERA 60 100071 ;SLIDING 3 RAIL;50;106;9;77;0;0;5;20;15;P01;0;2000;MARCA PARA REFUERTO // RAINFORCEMENT MARK
15190102;CORREDERA 60 100372 ;SLIDING SASH;72;39;40;17.5;0;0;15.5;75;15;P01;0;800;CANAL
15191001;CORREDERA 60 100372 ;SLIDING SASH;72;39;5;42;0;0;5;25;15;P01;0;4000;DESAGÜE EXTERIOR // WATER SLOT
15190601;CORREDERA 60 100372 ;SLIDING SASH;72;39;0;28.8;36.3;0;5;25;15;P01;0;2000;DESAGÜE INTERIOR // WATER SLOT
15190617;CORREDERA 60 100372 ;SLIDING SASH;72;39;0;28.8;36.3;0;5;25;15;P06;0;1000;AIREACION INTERIOR // VENTILATION HOLE
15190785;CORREDERA 60 100372 ;SLIDING SASH;72;39;25;19.5;0;0;0;0;15;P06;0;2000;MARCA DE REFUERZO // REINFORCEMENT MARK
15190508;CORREDERA 60 100372 ;SLIDING SASH;72;39;32.7;30.5;0;11;0;0;15;P05;0;1000;CORREDIZA E7.5
15190509;CORREDERA 60 100372 ;SLIDING SASH;72;39;32.7;30.5;0;13;0;0;15;P05;0;1000;CORREDIZA E7.5
15190510;CORREDERA 60 100372 ;SLIDING SASH;72;39;20;30.5;0;28;28;125;15;P11;14;1000;CORREDIZA E7.5 POOL CANAL
15190511;CORREDERA 60 100372 ;SLIDING SASH;72;39;20;30.5;0;28;28;125;15;P11;14;1000;CORREDIZA E7.5 POOL CANAL
15190276;CORREDERA 60 100372 ;SLIDING SASH;72;39;40;19.5;0;0;12.3;65;15;P01;0;2000;MECANIZADO PARA CORREDIZA 7.5
15191077;CORREDERA 60 100372 ;SLIDING SASH;72;39;20;30.5;0;0;28.6;125;15;P01;0;2000;CIERRE EMBUTIDO
16190510;CORREDERA 60 100374 ;BIG SLIDING SASH;90;39;20;38;0;28;28;125;15;P11;14;1000;CORREDIZA E15 POOL CANAL
16190511;CORREDERA 60 100374 ;BIG SLIDING SASH;90;39;20;38;0;28;28;125;15;P11;14;1000;CORREDIZA E15 POOL CANAL INVERSE
16191001;CORREDERA 60 100374 ;BIG SLIDING SASH;90;39;5;62.5;0;0;5;25;15;P01;0;3000;DESAGÜE EXTERIOR // WATER SLOT
16190601;CORREDERA 60 100374 ;BIG SLIDING SASH;90;39;0;26.8;37.3;0;5;25;15;P01;0;2000;DESAGÜE INTERIOR // WATER SLOT
16190617;CORREDERA 60 100374 ;BIG SLIDING SASH;90;39;0;28.8;36.3;0;5;25;15;P06;0;1000;AIREACION INTERIOR // VENTILATION HOLE
16190785;CORREDERA 60 100374 ;BIG SLIDING SASH;90;39;25;19.5;0;0;0;0;15;P06;0;2000;MARCA DE REFUERZO // REINFORCEMENT MARK
16190885;CORREDERA 60 100374 ;BIG SLIDING SASH;90;39;0;29.6;36.3;0;5;20;15;P01;0;2000;AIREACION EXTERIOR // VENTILATION HOLE
16190908;CORREDERA 60 100374 ;BIG SLIDING SASH;90;39;32.7;38;0;0;0;0;15;P06;0;1000;CORREDIZA E15
16190276;CORREDERA 60 100374 ;BIG SLIDING SASH;90;39;54;19.5;0;0;12.3;65;15;P01;0;2000;MECANIZADO PARA CORREDIZA E15
16190102;CORREDERA 60 100374 ;BIG SLIDING SASH;90;39;48;19;0;0;15.5;90;15;P01;0;800;CANAL
16190410;CORREDERA 60 100374 ;BIG SLIDING SASH;90;39;47;41;0;12;0;0;15;P05;0;1000;MIRROR ASSEMBLY HOLE FULL
16190411;CORREDERA 60 100374 ;BIG SLIDING SASH;90;39;28;39;0;12;0;0;15;P05;0;1000;MIRROR ASSEMBLY HOLE HALF modificaddo 20 de sep
16190412;CORREDERA 60 100374 ;BIG SLIDING SASH;90;39;28;39;0;16;0;0;15;P05;0;1000;HANDLE HOLE HALF  modificaddo 20 de sep
16190413;CORREDERA 60 100374 ;BIG SLIDING SASH;90;39;50;41;0;16;0;0;15;P05;0;1000;HANDLE HOLE FULL
16191013;CORREDERA 60 100374 ;BIG SLIDING SASH;90;39;20;41;0;0;24;77;15;P01;0;2000;POOL CANAL
16190414;CORREDERA 60 100374 ;BIG SLIDING SASH;90;39;37;38;0;20;13;34;15;P07;0;1000;BARREL E-15 HALF 20sep
16190415;CORREDERA 60 100374 ;BIG SLIDING SASH;90;39;37;39;0;20;13;34;15;P04;0;1000;INVERSE BARREL E-15 HALF
16191061;CORREDERA 60 100374 ;BIG SLIDING SASH;90;39;32.7;38;0;10;0;0;15;P05;0;2000;CORREDIZA E15 CON PZ
16191062;CORREDERA 60 100374 ;BIG SLIDING SASH;90;39;32.7;38;0;12;0;0;15;P05;0;2000;CORREDIZA E15 CON PZ
16191063;CORREDERA 60 100374 ;BIG SLIDING SASH;90;39;32.7;38;0;14;0;0;15;P05;0;2000;CORREDIZA E15 CON PZ
16191065;CORREDERA 60 100374 ;BIG SLIDING SASH;90;39;32.7;38;0;20;0;0;15;P05;0;2000;CORREDIZA E15 CON PZ
16190278;CORREDERA 60 100374 ;BIG SLIDING SASH;90;39;54;19.5;0;0;13;92;15;P01;0;2000;MECANIZADO PARA CORREDIZA E15
16191064;CORREDERA 60 100374 ;BIG SLIDING SASH;90;39;32.7;38;0;15;0;0;15;P05;0;2000;CORREDIZA E15 CON TIRADOR
16190279;CORREDERA 60 100374 ;BIG SLIDING SASH;90;38.5;54;20;0;0;17.5;120;18;P01;0;2000;RODAMIENTOS 240 KG
16191035;CORREDERA 60 100374 ;BIG SLIDING SASH;90;39;32.7;38;0;0;22;76;15;P01;0;2000;CORREDIZA E15 CON UÑERO
16191077;CORREDERA 60 100374 ;BIG SLIDING SASH;90;39;32.7;38;0;0;28.6;125;15;P01;0;2000;CORREDIZA E15 CON UÑERO
16190179;CORREDERA 60 100374 ;BIG SLIDING SASH;90;39;46;23;0;0;16;120;15;P01;0;2000;MECANIZADO PARA CORREDIZA 7.5//Cajeado Ruedas 120 x 15 mm
16190262;CORREDERA 60 100374 ;BIG SLIDING SASH;90;39;54;19.5;0;12;0;0;15;P05;0;2000;CORREDIZA E15 CON PZ
25280215;CORREDERA 96 100097 ;SLIDING DOUBLE RAIL;50;96;32;46;0;07;0;0;15;P05;0;2000;MONTAJ DELIGI  // ASSEMBLY HOLE// BARRENO PARA FIJACION AL MURO
25281001;CORREDERA 96 100097 ;SLIDING DOUBLE RAIL;50;96;15;13.4;0;0;5;25;15;P01;0;2000;DESAGÜE EXTERIOR // WATER SLOT
25281017;CORREDERA 96 100097 ;SLIDING DOUBLE RAIL;50;96;15;13.4;0;0;0;0;15;P06;0;1000;HAVALANDIRMA // VENTILATION HOLE// AIREACION INTERIOR inferior
25280601;CORREDERA 96 100097 ;SLIDING DOUBLE RAIL;50;96;0;30;79.5;0;5;25;15;P01;0;2000;DESAGÜE INTERIOR // WATER SLOT
25280617;CORREDERA 96 100097 ;SLIDING DOUBLE RAIL;50;96;0;30.5;80.5;0;0;0;15;P06;0;1000;AIREACION EXTERIOR // VENTILATION HOLE
25280781;CORREDERA 96 100097 ;SLIDING DOUBLE RAIL;50;96;3;9;0;0;0;0;15;P06;0;4000;CERRADERO CORREDIZO CARRIL EXTERIOR
25280782;CORREDERA 96 100097 ;SLIDING DOUBLE RAIL;50;96;3;83;0;0;0;0;15;P06;0;4000;CERRADERO CORREDIZO CARRIL INTERIOR
25280285;CORREDERA 96 100097 ;SLIDING DOUBLE RAIL;50;96;9;40;0;0;5;25;15;P01;0;2000;MARCA DE REFUERZO // REINFORCEMENT MARK
25281080;CORREDERA 96 100097 ;SLIDING DOUBLE RAIL;50;96;30;28;0;0;5;25;15;P01;0;2000;DESAGÏE EXTERIOR 2 // WATER SLOT
25381001;CORREDERA 96 100098 ;SLIDING RAIL;50;73;15;12;0;0;5;25;15;P01;0;2000;DESAGÏE EXTERIOR // WATER SLOT
25380601;CORREDERA 96 100098 ;SLIDING RAIL;50;73;0;35;57.3;0;5;25;15;P01;0;2000;DESAGÜE INTERIOR // WATER SLOT
25380617;CORREDERA 96 100098 ;SLIDING RAIL;50;73;0;35;57.3;0;5;6;15;P01;0;1000; AIREACION EXTERIOR // VENTILATION HOLE
25380781;CORREDERA 96 100098 ;SLIDING RAIL;50;73;3;9;0;0;0;0;15;P06;0;2000;CERRADERO CORREDIZO CARRIL EXTERIOR
25380782;CORREDERA 96 100098 ;SLIDING RAIL;50;73;3;83;0;0;0;0;15;P06;0;4000;CERRADERO CORREDIZO CARRIL INTERIOR
25380285;CORREDERA 96 100098 ;SLIDING RAIL;50;73;9;40;0;0;5;25;15;P01;0;2000;MARCA DE REFUERZO // REINFORCEMENT MARK
25381080;CORREDERA 96 100098 ;SLIDING RAIL;50;73;30;27.5;0;0;5;25;15;P01;0;2000;DESAGÏE EXTERIOR 2 // WATER SLOT
25191001;CORREDERA 96 100392 ;SLIDING SASH;86;60;6;59.7;0;0;5;25;15;P01;0;2000;DESAGÜE EXTERIOR // WATER SLOT
25190601;CORREDERA 96 100392 ;SLIDING SASH;86;60;0;28;54.7;0;5;25;15;P01;0;2000;DESAGÜE INTERIOR // WATER SLOT
25190617;CORREDERA 96 100392 ;SLIDING SASH;86;60;0;28;55.2;0;0;0;15;P06;0;1000;HAVALANDIRMA // VENTILATION HOLE// AIREACION INTERIOR
25190785;CORREDERA 96 100392 ;SLIDING SASH;86;60;23;25;0;0;0;0;15;P06;0;2000;MARCA DE REFUERZO // REINFORCEMENT MARK//No presente en CAD Wundervent
25190817;CORREDERA 96 100392 ;SLIDING SASH;86;60;0;31.1;55.2;0;0;0;15;P06;0;1000;AIREACION EXTERIOR // VENTILATION HOLE//No presente en CAD Wundervent
25190205;CORREDERA 96 100392 ;SLIDING SASH;86;60;50;27.5;0;10;0;0;15;P05;0;2000;UNION DE TRAVESAÑO // MULLION CONNECTOR
25190908;CORREDERA 96 100392 ;SLIDING SASH;86;60;40;39.5;0;0;0;0;15;P06;0;1000;CORREDIZA E15//No presente en CAD Wundervent
25190276;CORREDERA 96 100392 ;SLIDING SASH;86;60;55;30;0;0;12.3;65;15;P01;0;2000;MECANIZADO PARA CORREDIZA 7.5//No presente en CAD Wundervent
25190102;CORREDERA 96 100392 ;SLIDING SASH;86;60;50;28;0;0;15.5;90;15;P01;0;800;CANAL
25190103;CORREDERA 96 100392 ;SLIDING SASH;86;60;50;29;0;0;15.5;130;15;P01;0;800;WHEEL CANAL//CAJEADO 130 de largo
25190410;CORREDERA 96 100392 ;SLIDING SASH;86;60;70;39.5;0;12;0;0;15;P05;0;1000;MIRROR ASSEMBLY HOLE FULL
25190411;CORREDERA 96 100392 ;SLIDING SASH;86;60;40;39.5;0;12;0;0;15;P05;0;1000;MIRROR ASSEMBLY HOLE HALF
25190412;CORREDERA 96 100392 ;SLIDING SASH;86;60;70;39.5;0;16;0;0;15;P05;0;1000;HANDLE HOLE
25191013;CORREDERA 96 100392 ;SLIDING SASH;86;60;20;39.5;0;0;24;77;15;P01;0;2000;POOL CANAL
25190414;CORREDERA 96 100392 ;SLIDING SASH;86;60;52;39.5;0;20;13;34;15;P07;0;1000;BARREL E-15
25190415;CORREDERA 96 100392 ;SLIDING SASH;86;60;52;39.5;0;20;13;34;15;P04;0;1000;INVERSE BARREL E-15
25191061;CORREDERA 96 100392 ;SLIDING SASH;86;60;40;39.5;0;10;0;0;15;P05;0;2000;CORREDIZA E15 CON PZ//No presente en CAD Wundervent
25191062;CORREDERA 96 100392 ;SLIDING SASH;86;60;40;39.5;0;12;0;0;15;P05;0;2000;CORREDIZA E15 CON PZ//No presente en CAD Wundervent
25190262;CORREDERA 96 100392 ;SLIDING SASH;86;60;50;28.5;0;12;0;0;15;P05;0;2000;CORREDIZA E15 CON PZ// Taladro 12 mm para Ruedas 140 kg
25191063;CORREDERA 96 100392 ;SLIDING SASH;86;60;40;39.5;0;14;0;0;15;P05;0;2000;CORREDIZA E15 CON PZ//No presente en CAD Wundervent
25191064;CORREDERA 96 100392 ;SLIDING SASH;86;60;40;39.5;0;15;0;0;15;P05;0;2000;CORREDIZA E15 CON TIRADOR//No presente en CAD Wundervent
25191065;CORREDERA 96 100392 ;SLIDING SASH;86;60;40;39.5;0;20;0;0;15;P05;0;2000;CORREDIZA E15 CON PZ//No presente en CAD Wundervent
25191035;CORREDERA 96 100392 ;SLIDING SASH;86;60;40;39.5;0;0;22;76;15;P01;0;2000;CORREDIZA E15 CON TIRADOR//No presente en CAD Wundervent
25190279;CORREDERA 96 100392 ;SLIDING SASH;86;60;50;30;0;0;15;120;15;P01;0;2000;MECANIZADO PARA CORREDIZA 7.5//Cajeado Ruedas 120 x 15 mm
71050601;ELEVADORA 140381 ;SLIDING SASH;100;70;0;30.8;64.4;0;5;25;15;P01;0;2000;WATER SLOT
71051001;ELEVADORA 140381 ;SLIDING SASH;100;70;7;57;0;0;5;25;15;P01;0;2000;WATER SLOT
71050785;ELEVADORA 140381 ;SLIDING SASH;100;70;27;35;0;0;0;0;15;P06;0;2000;MARCA DE REFUERZO // REINFORCEMENT MARK
71050617;ELEVADORA 140381 ;SLIDING SASH;100;70;0;30.8;64.4;0;5;20;15;P01;0;1000;AIREACION EXTERIOR // VENTILATION HOLE
71051090;ELEVADORA 140381 ;SLIDING SASH;100;70;14;49.5;0;0;14;26;15;P01;0;2000;UÑERO DE ELEVADORA
71050102;ELEVADORA 140381 ;SLIDING SASH;100;70;50;33.5;0;0;18;230;15;P01;0;800;BARREL CANAL
71050103;ELEVADORA 140381 ;SLIDING SASH;100;70;50;33.5;0;0;24;380;15;P01;0;800;WHEEL CANAL 1
71050104;ELEVADORA 140381 ;SLIDING SASH;100;70;50;33.5;0;0;24;240;15;P01;0;800;WHEEL CANAL 2
71050410;ELEVADORA 140381 ;SLIDING SASH;100;70;85;37.5;0;11;0;0;15;P05;0;1000;MIRROR ASSEMBLY HOLE FULL
71050411;ELEVADORA 140381 ;SLIDING SASH;100;70;40;37.5;0;11;0;0;15;P05;0;1000;MIRROR ASSEMBLY HOLE HALF
71050412;ELEVADORA 140381 ;SLIDING SASH;100;70;40;37.5;0;17;0;0;15;P05;0;1000;HANDLE HOLE
71051013;ELEVADORA 140381 ;SLIDING SASH;100;70;30;37.5;0;25;25;95;15;P11;12.5;2000;POOL CANAL
71050414;ELEVADORA 140381 ;SLIDING SASH;100;70;40;37.5;0;20;13;34;15;P07;0;1000;BARREL E-15 HALF
71050415;ELEVADORA 140381 ;SLIDING SASH;100;70;40;37.5;0;20;13;34;15;P04;0;1000;INVERSE BARREL E-15 HALF